Date,Weekday,Week,Platform,Pillar,Format,Hook / Idea,Suggested CTA,Caption,Asset (photo/video),Status
2026-07-06,Mon,W1,Instagram,Educate,Reel,3 mistakes [your audience] make with ___ (and the fix),Comment below,,,Idea
2026-07-06,Mon,W1,Facebook,Educate,Link post,The #1 thing nobody tells you about ___,Save & share,,,Idea
2026-07-06,Mon,W1,TikTok,Educate,Trend/Audio Reel,Save this: a simple checklist for ___,DM us 'START',,,Idea
2026-07-07,Tue,W1,Instagram,Transformation / Proof,Carousel,Before & after: [client/result],Tap the link in bio,,,Idea
2026-07-07,Tue,W1,TikTok,Transformation / Proof,Trend/Audio Reel,How [client] went from ___ to ___ in [time],Book your free consult,,,Idea
2026-07-08,Wed,W1,Instagram,Promote / Offer,Single image,Spots are filling for [offer] — here's what you get,Follow for more,,,Idea
2026-07-08,Wed,W1,Facebook,Promote / Offer,Community question,Why [offer] pays for itself,Tag a friend,,,Idea
2026-07-08,Wed,W1,TikTok,Promote / Offer,Talking-head Reel,Last chance this month to ___,Comment below,,,Idea
2026-07-09,Thu,W1,Instagram,Engage / Behind-the-scenes,Story set,A day in the life at [business],Save & share,,,Idea
2026-07-09,Thu,W1,TikTok,Engage / Behind-the-scenes,Talking-head Reel,Meet the team / meet the founder,DM us 'START',,,Idea
2026-07-10,Fri,W1,Instagram,Educate,Reel,Myth vs fact: ___,Tap the link in bio,,,Idea
2026-07-10,Fri,W1,Facebook,Educate,Link post,Do this for 7 days and watch what happens,Book your free consult,,,Idea
2026-07-10,Fri,W1,TikTok,Educate,Trend/Audio Reel,3 mistakes [your audience] make with ___ (and the fix),Follow for more,,,Idea
2026-07-11,Sat,W1,Facebook,Transformation / Proof,Link post,Real review from a happy customer 👇,Tag a friend,,,Idea
2026-07-13,Mon,W2,Instagram,Engage / Behind-the-scenes,Story set,This or that? Drop your pick in the comments,Comment below,,,Idea
2026-07-13,Mon,W2,Facebook,Engage / Behind-the-scenes,Reel,POV: you just [desired outcome],Save & share,,,Idea
2026-07-13,Mon,W2,TikTok,Engage / Behind-the-scenes,How-to Reel,Ask us anything about ___,DM us 'START',,,Idea
2026-07-14,Tue,W2,Instagram,Educate,Reel,The #1 thing nobody tells you about ___,Tap the link in bio,,,Idea
2026-07-14,Tue,W2,TikTok,Educate,How-to Reel,Save this: a simple checklist for ___,Book your free consult,,,Idea
2026-07-15,Wed,W2,Instagram,Transformation / Proof,Carousel,We didn't believe this result either…,Follow for more,,,Idea
2026-07-15,Wed,W2,Facebook,Transformation / Proof,Single image,Tag someone who needs to see this transformation,Tag a friend,,,Idea
2026-07-15,Wed,W2,TikTok,Transformation / Proof,Day-in-the-life,Before & after: [client/result],Comment below,,,Idea
2026-07-16,Thu,W2,Instagram,Promote / Offer,Single image,Book your [free thing] before it's gone,Save & share,,,Idea
2026-07-16,Thu,W2,TikTok,Promote / Offer,Day-in-the-life,Here's exactly how to get started with us,DM us 'START',,,Idea
2026-07-17,Fri,W2,Instagram,Engage / Behind-the-scenes,Story set,A day in the life at [business],Tap the link in bio,,,Idea
2026-07-17,Fri,W2,Facebook,Engage / Behind-the-scenes,Reel,Meet the team / meet the founder,Book your free consult,,,Idea
2026-07-17,Fri,W2,TikTok,Engage / Behind-the-scenes,How-to Reel,This or that? Drop your pick in the comments,Follow for more,,,Idea
2026-07-18,Sat,W2,Facebook,Educate,Reel,Myth vs fact: ___,Tag a friend,,,Idea
2026-07-20,Mon,W3,Instagram,Promote / Offer,Single image,Spots are filling for [offer] — here's what you get,Comment below,,,Idea
2026-07-20,Mon,W3,Facebook,Promote / Offer,Community question,Why [offer] pays for itself,Save & share,,,Idea
2026-07-20,Mon,W3,TikTok,Promote / Offer,Talking-head Reel,Last chance this month to ___,DM us 'START',,,Idea
2026-07-21,Tue,W3,Instagram,Engage / Behind-the-scenes,Story set,POV: you just [desired outcome],Tap the link in bio,,,Idea
2026-07-21,Tue,W3,TikTok,Engage / Behind-the-scenes,Talking-head Reel,Ask us anything about ___,Book your free consult,,,Idea
2026-07-22,Wed,W3,Instagram,Educate,Reel,Do this for 7 days and watch what happens,Follow for more,,,Idea
2026-07-22,Wed,W3,Facebook,Educate,Link post,3 mistakes [your audience] make with ___ (and the fix),Tag a friend,,,Idea
2026-07-22,Wed,W3,TikTok,Educate,Trend/Audio Reel,The #1 thing nobody tells you about ___,Comment below,,,Idea
2026-07-23,Thu,W3,Instagram,Transformation / Proof,Carousel,How [client] went from ___ to ___ in [time],Save & share,,,Idea
2026-07-23,Thu,W3,TikTok,Transformation / Proof,Trend/Audio Reel,Real review from a happy customer 👇,DM us 'START',,,Idea
2026-07-24,Fri,W3,Instagram,Promote / Offer,Single image,Book your [free thing] before it's gone,Tap the link in bio,,,Idea
2026-07-24,Fri,W3,Facebook,Promote / Offer,Community question,Here's exactly how to get started with us,Book your free consult,,,Idea
2026-07-24,Fri,W3,TikTok,Promote / Offer,Talking-head Reel,Spots are filling for [offer] — here's what you get,Follow for more,,,Idea
2026-07-25,Sat,W3,Facebook,Engage / Behind-the-scenes,Community question,A day in the life at [business],Tag a friend,,,Idea
2026-07-27,Mon,W4,Instagram,Transformation / Proof,Carousel,We didn't believe this result either…,Comment below,,,Idea
2026-07-27,Mon,W4,Facebook,Transformation / Proof,Single image,Tag someone who needs to see this transformation,Save & share,,,Idea
2026-07-27,Mon,W4,TikTok,Transformation / Proof,Day-in-the-life,Before & after: [client/result],DM us 'START',,,Idea
2026-07-28,Tue,W4,Instagram,Promote / Offer,Single image,Why [offer] pays for itself,Tap the link in bio,,,Idea
2026-07-28,Tue,W4,TikTok,Promote / Offer,Day-in-the-life,Last chance this month to ___,Book your free consult,,,Idea
2026-07-29,Wed,W4,Instagram,Engage / Behind-the-scenes,Story set,Meet the team / meet the founder,Follow for more,,,Idea
2026-07-29,Wed,W4,Facebook,Engage / Behind-the-scenes,Reel,This or that? Drop your pick in the comments,Tag a friend,,,Idea
2026-07-29,Wed,W4,TikTok,Engage / Behind-the-scenes,How-to Reel,POV: you just [desired outcome],Comment below,,,Idea
2026-07-30,Thu,W4,Instagram,Educate,Reel,Save this: a simple checklist for ___,Save & share,,,Idea
2026-07-30,Thu,W4,TikTok,Educate,How-to Reel,Myth vs fact: ___,DM us 'START',,,Idea
2026-07-31,Fri,W4,Instagram,Transformation / Proof,Carousel,How [client] went from ___ to ___ in [time],Tap the link in bio,,,Idea
2026-07-31,Fri,W4,Facebook,Transformation / Proof,Single image,Real review from a happy customer 👇,Book your free consult,,,Idea
2026-07-31,Fri,W4,TikTok,Transformation / Proof,Day-in-the-life,We didn't believe this result either…,Follow for more,,,Idea
2026-08-01,Sat,W4,Facebook,Promote / Offer,Single image,Book your [free thing] before it's gone,Tag a friend,,,Idea
2026-08-03,Mon,W5,Instagram,Educate,Reel,Do this for 7 days and watch what happens,Comment below,,,Idea
2026-08-03,Mon,W5,Facebook,Educate,Link post,3 mistakes [your audience] make with ___ (and the fix),Save & share,,,Idea
2026-08-03,Mon,W5,TikTok,Educate,Trend/Audio Reel,The #1 thing nobody tells you about ___,DM us 'START',,,Idea
2026-08-04,Tue,W5,Instagram,Transformation / Proof,Carousel,Tag someone who needs to see this transformation,Tap the link in bio,,,Idea
2026-08-04,Tue,W5,TikTok,Transformation / Proof,Trend/Audio Reel,Before & after: [client/result],Book your free consult,,,Idea
2026-08-05,Wed,W5,Instagram,Promote / Offer,Single image,Here's exactly how to get started with us,Follow for more,,,Idea
2026-08-05,Wed,W5,Facebook,Promote / Offer,Community question,Spots are filling for [offer] — here's what you get,Tag a friend,,,Idea
2026-08-05,Wed,W5,TikTok,Promote / Offer,Talking-head Reel,Why [offer] pays for itself,Comment below,,,Idea
2026-08-06,Thu,W5,Instagram,Engage / Behind-the-scenes,Story set,Ask us anything about ___,Save & share,,,Idea
2026-08-06,Thu,W5,TikTok,Engage / Behind-the-scenes,Talking-head Reel,A day in the life at [business],DM us 'START',,,Idea
2026-08-07,Fri,W5,Instagram,Educate,Reel,Save this: a simple checklist for ___,Tap the link in bio,,,Idea
2026-08-07,Fri,W5,Facebook,Educate,Link post,Myth vs fact: ___,Book your free consult,,,Idea
2026-08-07,Fri,W5,TikTok,Educate,Trend/Audio Reel,Do this for 7 days and watch what happens,Follow for more,,,Idea
2026-08-08,Sat,W5,Facebook,Transformation / Proof,Link post,How [client] went from ___ to ___ in [time],Tag a friend,,,Idea
2026-08-10,Mon,W6,Instagram,Engage / Behind-the-scenes,Story set,Meet the team / meet the founder,Comment below,,,Idea
2026-08-10,Mon,W6,Facebook,Engage / Behind-the-scenes,Reel,This or that? Drop your pick in the comments,Save & share,,,Idea
2026-08-10,Mon,W6,TikTok,Engage / Behind-the-scenes,How-to Reel,POV: you just [desired outcome],DM us 'START',,,Idea
2026-08-11,Tue,W6,Instagram,Educate,Reel,3 mistakes [your audience] make with ___ (and the fix),Tap the link in bio,,,Idea
2026-08-11,Tue,W6,TikTok,Educate,How-to Reel,The #1 thing nobody tells you about ___,Book your free consult,,,Idea
2026-08-12,Wed,W6,Instagram,Transformation / Proof,Carousel,Real review from a happy customer 👇,Follow for more,,,Idea
2026-08-12,Wed,W6,Facebook,Transformation / Proof,Single image,We didn't believe this result either…,Tag a friend,,,Idea
2026-08-12,Wed,W6,TikTok,Transformation / Proof,Day-in-the-life,Tag someone who needs to see this transformation,Comment below,,,Idea
2026-08-13,Thu,W6,Instagram,Promote / Offer,Single image,Last chance this month to ___,Save & share,,,Idea
2026-08-13,Thu,W6,TikTok,Promote / Offer,Day-in-the-life,Book your [free thing] before it's gone,DM us 'START',,,Idea
2026-08-14,Fri,W6,Instagram,Engage / Behind-the-scenes,Story set,Ask us anything about ___,Tap the link in bio,,,Idea
2026-08-14,Fri,W6,Facebook,Engage / Behind-the-scenes,Reel,A day in the life at [business],Book your free consult,,,Idea
2026-08-14,Fri,W6,TikTok,Engage / Behind-the-scenes,How-to Reel,Meet the team / meet the founder,Follow for more,,,Idea
2026-08-15,Sat,W6,Facebook,Educate,Reel,Save this: a simple checklist for ___,Tag a friend,,,Idea
2026-08-17,Mon,W7,Instagram,Promote / Offer,Single image,Here's exactly how to get started with us,Comment below,,,Idea
2026-08-17,Mon,W7,Facebook,Promote / Offer,Community question,Spots are filling for [offer] — here's what you get,Save & share,,,Idea
2026-08-17,Mon,W7,TikTok,Promote / Offer,Talking-head Reel,Why [offer] pays for itself,DM us 'START',,,Idea
2026-08-18,Tue,W7,Instagram,Engage / Behind-the-scenes,Story set,This or that? Drop your pick in the comments,Tap the link in bio,,,Idea
2026-08-18,Tue,W7,TikTok,Engage / Behind-the-scenes,Talking-head Reel,POV: you just [desired outcome],Book your free consult,,,Idea
2026-08-19,Wed,W7,Instagram,Educate,Reel,Myth vs fact: ___,Follow for more,,,Idea
2026-08-19,Wed,W7,Facebook,Educate,Link post,Do this for 7 days and watch what happens,Tag a friend,,,Idea
2026-08-19,Wed,W7,TikTok,Educate,Trend/Audio Reel,3 mistakes [your audience] make with ___ (and the fix),Comment below,,,Idea
2026-08-20,Thu,W7,Instagram,Transformation / Proof,Carousel,Before & after: [client/result],Save & share,,,Idea
2026-08-20,Thu,W7,TikTok,Transformation / Proof,Trend/Audio Reel,How [client] went from ___ to ___ in [time],DM us 'START',,,Idea
2026-08-21,Fri,W7,Instagram,Promote / Offer,Single image,Last chance this month to ___,Tap the link in bio,,,Idea
2026-08-21,Fri,W7,Facebook,Promote / Offer,Community question,Book your [free thing] before it's gone,Book your free consult,,,Idea
2026-08-21,Fri,W7,TikTok,Promote / Offer,Talking-head Reel,Here's exactly how to get started with us,Follow for more,,,Idea
2026-08-22,Sat,W7,Facebook,Engage / Behind-the-scenes,Community question,Ask us anything about ___,Tag a friend,,,Idea
2026-08-24,Mon,W8,Instagram,Transformation / Proof,Carousel,Real review from a happy customer 👇,Comment below,,,Idea
2026-08-24,Mon,W8,Facebook,Transformation / Proof,Single image,We didn't believe this result either…,Save & share,,,Idea
2026-08-24,Mon,W8,TikTok,Transformation / Proof,Day-in-the-life,Tag someone who needs to see this transformation,DM us 'START',,,Idea
2026-08-25,Tue,W8,Instagram,Promote / Offer,Single image,Spots are filling for [offer] — here's what you get,Tap the link in bio,,,Idea
2026-08-25,Tue,W8,TikTok,Promote / Offer,Day-in-the-life,Why [offer] pays for itself,Book your free consult,,,Idea
2026-08-26,Wed,W8,Instagram,Engage / Behind-the-scenes,Story set,A day in the life at [business],Follow for more,,,Idea
2026-08-26,Wed,W8,Facebook,Engage / Behind-the-scenes,Reel,Meet the team / meet the founder,Tag a friend,,,Idea
2026-08-26,Wed,W8,TikTok,Engage / Behind-the-scenes,How-to Reel,This or that? Drop your pick in the comments,Comment below,,,Idea
2026-08-27,Thu,W8,Instagram,Educate,Reel,The #1 thing nobody tells you about ___,Save & share,,,Idea
2026-08-27,Thu,W8,TikTok,Educate,How-to Reel,Save this: a simple checklist for ___,DM us 'START',,,Idea
2026-08-28,Fri,W8,Instagram,Transformation / Proof,Carousel,Before & after: [client/result],Tap the link in bio,,,Idea
2026-08-28,Fri,W8,Facebook,Transformation / Proof,Single image,How [client] went from ___ to ___ in [time],Book your free consult,,,Idea
2026-08-28,Fri,W8,TikTok,Transformation / Proof,Day-in-the-life,Real review from a happy customer 👇,Follow for more,,,Idea
2026-08-29,Sat,W8,Facebook,Promote / Offer,Single image,Last chance this month to ___,Tag a friend,,,Idea
2026-08-31,Mon,W9,Instagram,Educate,Reel,Myth vs fact: ___,Comment below,,,Idea
2026-08-31,Mon,W9,Facebook,Educate,Link post,Do this for 7 days and watch what happens,Save & share,,,Idea
2026-08-31,Mon,W9,TikTok,Educate,Trend/Audio Reel,3 mistakes [your audience] make with ___ (and the fix),DM us 'START',,,Idea
2026-09-01,Tue,W9,Instagram,Transformation / Proof,Carousel,We didn't believe this result either…,Tap the link in bio,,,Idea
2026-09-01,Tue,W9,TikTok,Transformation / Proof,Trend/Audio Reel,Tag someone who needs to see this transformation,Book your free consult,,,Idea
2026-09-02,Wed,W9,Instagram,Promote / Offer,Single image,Book your [free thing] before it's gone,Follow for more,,,Idea
2026-09-02,Wed,W9,Facebook,Promote / Offer,Community question,Here's exactly how to get started with us,Tag a friend,,,Idea
2026-09-02,Wed,W9,TikTok,Promote / Offer,Talking-head Reel,Spots are filling for [offer] — here's what you get,Comment below,,,Idea
2026-09-03,Thu,W9,Instagram,Engage / Behind-the-scenes,Story set,POV: you just [desired outcome],Save & share,,,Idea
2026-09-03,Thu,W9,TikTok,Engage / Behind-the-scenes,Talking-head Reel,Ask us anything about ___,DM us 'START',,,Idea
2026-09-04,Fri,W9,Instagram,Educate,Reel,The #1 thing nobody tells you about ___,Tap the link in bio,,,Idea
2026-09-04,Fri,W9,Facebook,Educate,Link post,Save this: a simple checklist for ___,Book your free consult,,,Idea
2026-09-04,Fri,W9,TikTok,Educate,Trend/Audio Reel,Myth vs fact: ___,Follow for more,,,Idea
2026-09-05,Sat,W9,Facebook,Transformation / Proof,Link post,Before & after: [client/result],Tag a friend,,,Idea
2026-09-07,Mon,W10,Instagram,Engage / Behind-the-scenes,Story set,A day in the life at [business],Comment below,,,Idea
2026-09-07,Mon,W10,Facebook,Engage / Behind-the-scenes,Reel,Meet the team / meet the founder,Save & share,,,Idea
2026-09-07,Mon,W10,TikTok,Engage / Behind-the-scenes,How-to Reel,This or that? Drop your pick in the comments,DM us 'START',,,Idea
2026-09-08,Tue,W10,Instagram,Educate,Reel,Do this for 7 days and watch what happens,Tap the link in bio,,,Idea
2026-09-08,Tue,W10,TikTok,Educate,How-to Reel,3 mistakes [your audience] make with ___ (and the fix),Book your free consult,,,Idea
2026-09-09,Wed,W10,Instagram,Transformation / Proof,Carousel,How [client] went from ___ to ___ in [time],Follow for more,,,Idea
2026-09-09,Wed,W10,Facebook,Transformation / Proof,Single image,Real review from a happy customer 👇,Tag a friend,,,Idea
2026-09-09,Wed,W10,TikTok,Transformation / Proof,Day-in-the-life,We didn't believe this result either…,Comment below,,,Idea
2026-09-10,Thu,W10,Instagram,Promote / Offer,Single image,Why [offer] pays for itself,Save & share,,,Idea
2026-09-10,Thu,W10,TikTok,Promote / Offer,Day-in-the-life,Last chance this month to ___,DM us 'START',,,Idea
2026-09-11,Fri,W10,Instagram,Engage / Behind-the-scenes,Story set,POV: you just [desired outcome],Tap the link in bio,,,Idea
2026-09-11,Fri,W10,Facebook,Engage / Behind-the-scenes,Reel,Ask us anything about ___,Book your free consult,,,Idea
2026-09-11,Fri,W10,TikTok,Engage / Behind-the-scenes,How-to Reel,A day in the life at [business],Follow for more,,,Idea
2026-09-12,Sat,W10,Facebook,Educate,Reel,The #1 thing nobody tells you about ___,Tag a friend,,,Idea
2026-09-14,Mon,W11,Instagram,Promote / Offer,Single image,Book your [free thing] before it's gone,Comment below,,,Idea
2026-09-14,Mon,W11,Facebook,Promote / Offer,Community question,Here's exactly how to get started with us,Save & share,,,Idea
2026-09-14,Mon,W11,TikTok,Promote / Offer,Talking-head Reel,Spots are filling for [offer] — here's what you get,DM us 'START',,,Idea
2026-09-15,Tue,W11,Instagram,Engage / Behind-the-scenes,Story set,Meet the team / meet the founder,Tap the link in bio,,,Idea
2026-09-15,Tue,W11,TikTok,Engage / Behind-the-scenes,Talking-head Reel,This or that? Drop your pick in the comments,Book your free consult,,,Idea
2026-09-16,Wed,W11,Instagram,Educate,Reel,Save this: a simple checklist for ___,Follow for more,,,Idea
2026-09-16,Wed,W11,Facebook,Educate,Link post,Myth vs fact: ___,Tag a friend,,,Idea
2026-09-16,Wed,W11,TikTok,Educate,Trend/Audio Reel,Do this for 7 days and watch what happens,Comment below,,,Idea
2026-09-17,Thu,W11,Instagram,Transformation / Proof,Carousel,Tag someone who needs to see this transformation,Save & share,,,Idea
2026-09-17,Thu,W11,TikTok,Transformation / Proof,Trend/Audio Reel,Before & after: [client/result],DM us 'START',,,Idea
2026-09-18,Fri,W11,Instagram,Promote / Offer,Single image,Why [offer] pays for itself,Tap the link in bio,,,Idea
2026-09-18,Fri,W11,Facebook,Promote / Offer,Community question,Last chance this month to ___,Book your free consult,,,Idea
2026-09-18,Fri,W11,TikTok,Promote / Offer,Talking-head Reel,Book your [free thing] before it's gone,Follow for more,,,Idea
2026-09-19,Sat,W11,Facebook,Engage / Behind-the-scenes,Community question,POV: you just [desired outcome],Tag a friend,,,Idea
2026-09-21,Mon,W12,Instagram,Transformation / Proof,Carousel,How [client] went from ___ to ___ in [time],Comment below,,,Idea
2026-09-21,Mon,W12,Facebook,Transformation / Proof,Single image,Real review from a happy customer 👇,Save & share,,,Idea
2026-09-21,Mon,W12,TikTok,Transformation / Proof,Day-in-the-life,We didn't believe this result either…,DM us 'START',,,Idea
2026-09-22,Tue,W12,Instagram,Promote / Offer,Single image,Here's exactly how to get started with us,Tap the link in bio,,,Idea
2026-09-22,Tue,W12,TikTok,Promote / Offer,Day-in-the-life,Spots are filling for [offer] — here's what you get,Book your free consult,,,Idea
2026-09-23,Wed,W12,Instagram,Engage / Behind-the-scenes,Story set,Ask us anything about ___,Follow for more,,,Idea
2026-09-23,Wed,W12,Facebook,Engage / Behind-the-scenes,Reel,A day in the life at [business],Tag a friend,,,Idea
2026-09-23,Wed,W12,TikTok,Engage / Behind-the-scenes,How-to Reel,Meet the team / meet the founder,Comment below,,,Idea
2026-09-24,Thu,W12,Instagram,Educate,Reel,3 mistakes [your audience] make with ___ (and the fix),Save & share,,,Idea
2026-09-24,Thu,W12,TikTok,Educate,How-to Reel,The #1 thing nobody tells you about ___,DM us 'START',,,Idea
2026-09-25,Fri,W12,Instagram,Transformation / Proof,Carousel,Tag someone who needs to see this transformation,Tap the link in bio,,,Idea
2026-09-25,Fri,W12,Facebook,Transformation / Proof,Single image,Before & after: [client/result],Book your free consult,,,Idea
2026-09-25,Fri,W12,TikTok,Transformation / Proof,Day-in-the-life,How [client] went from ___ to ___ in [time],Follow for more,,,Idea
2026-09-26,Sat,W12,Facebook,Promote / Offer,Single image,Why [offer] pays for itself,Tag a friend,,,Idea
2026-09-28,Mon,W13,Instagram,Educate,Reel,Save this: a simple checklist for ___,Comment below,,,Idea
2026-09-28,Mon,W13,Facebook,Educate,Link post,Myth vs fact: ___,Save & share,,,Idea
2026-09-28,Mon,W13,TikTok,Educate,Trend/Audio Reel,Do this for 7 days and watch what happens,DM us 'START',,,Idea
2026-09-29,Tue,W13,Instagram,Transformation / Proof,Carousel,Real review from a happy customer 👇,Tap the link in bio,,,Idea
2026-09-29,Tue,W13,TikTok,Transformation / Proof,Trend/Audio Reel,We didn't believe this result either…,Book your free consult,,,Idea
2026-09-30,Wed,W13,Instagram,Promote / Offer,Single image,Last chance this month to ___,Follow for more,,,Idea
2026-09-30,Wed,W13,Facebook,Promote / Offer,Community question,Book your [free thing] before it's gone,Tag a friend,,,Idea
2026-09-30,Wed,W13,TikTok,Promote / Offer,Talking-head Reel,Here's exactly how to get started with us,Comment below,,,Idea
2026-10-01,Thu,W13,Instagram,Engage / Behind-the-scenes,Story set,This or that? Drop your pick in the comments,Save & share,,,Idea
2026-10-01,Thu,W13,TikTok,Engage / Behind-the-scenes,Talking-head Reel,POV: you just [desired outcome],DM us 'START',,,Idea
2026-10-02,Fri,W13,Instagram,Educate,Reel,3 mistakes [your audience] make with ___ (and the fix),Tap the link in bio,,,Idea
2026-10-02,Fri,W13,Facebook,Educate,Link post,The #1 thing nobody tells you about ___,Book your free consult,,,Idea
2026-10-02,Fri,W13,TikTok,Educate,Trend/Audio Reel,Save this: a simple checklist for ___,Follow for more,,,Idea
2026-10-03,Sat,W13,Facebook,Transformation / Proof,Link post,Tag someone who needs to see this transformation,Tag a friend,,,Idea
